ID,緯度,経度,名前
1,35.919076,139.621225,"府中"
2,36.344161,140.265962,"霞ヶ浦"
3,35.908419,140.417278,"江戸城跡"